-- MySQL dump 10.13  Distrib 8.0.31, for Win64 (x86_64)
--
-- Host: localhost    Database: db
-- ------------------------------------------------------
-- Server version	8.0.31

/*!40101 SET @OLD_CHARACTER_SET_CLIENT=@@CHARACTER_SET_CLIENT */;
/*!40101 SET @OLD_CHARACTER_SET_RESULTS=@@CHARACTER_SET_RESULTS */;
/*!40101 SET @OLD_COLLATION_CONNECTION=@@COLLATION_CONNECTION */;
/*!50503 SET NAMES utf8 */;
/*!40103 SET @OLD_TIME_ZONE=@@TIME_ZONE */;
/*!40103 SET TIME_ZONE='+00:00' */;
/*!40014 SET @OLD_UNIQUE_CHECKS=@@UNIQUE_CHECKS, UNIQUE_CHECKS=0 */;
/*!40014 SET @OLD_FOREIGN_KEY_CHECKS=@@FOREIGN_KEY_CHECKS, FOREIGN_KEY_CHECKS=0 */;
/*!40101 SET @OLD_SQL_MODE=@@SQL_MODE, SQL_MODE='NO_AUTO_VALUE_ON_ZERO' */;
/*!40111 SET @OLD_SQL_NOTES=@@SQL_NOTES, SQL_NOTES=0 */;

--
-- Table structure for table `appointments`
--

DROP TABLE IF EXISTS `appointments`;
/*!40101 SET @saved_cs_client     = @@character_set_client */;
/*!50503 SET character_set_client = utf8mb4 */;
CREATE TABLE `appointments` (
  `patient_id` varchar(20) NOT NULL,
  `doctor_id` varchar(20) NOT NULL,
  `appointment_date` date DEFAULT NULL,
  `appointment_time` time DEFAULT NULL,
  `appointment_reason` varchar(100) DEFAULT NULL,
  KEY `patient_id` (`patient_id`),
  KEY `doctor_id` (`doctor_id`),
  CONSTRAINT `appointments_ibfk_1` FOREIGN KEY (`patient_id`) REFERENCES `patients` (`id`) ON DELETE CASCADE,
  CONSTRAINT `appointments_ibfk_2` FOREIGN KEY (`doctor_id`) REFERENCES `staffs` (`id`) ON DELETE CASCADE
) ENGINE=InnoDB DEFAULT CHARSET=utf8mb4 COLLATE=utf8mb4_0900_ai_ci;
/*!40101 SET character_set_client = @saved_cs_client */;

--
-- Dumping data for table `appointments`
--

LOCK TABLES `appointments` WRITE;
/*!40000 ALTER TABLE `appointments` DISABLE KEYS */;
INSERT INTO `appointments` VALUES ('p00000021','s001','2023-01-03','09:00:00','Follow-up for diabetes'),('p00000032','s002','2023-01-03','09:20:00','Annual physical'),('p00000043','s003','2023-01-03','09:20:00','Follow-up for hypertension'),('p00000054','s004','2023-01-03','09:20:00','Follow-up for asthma'),('p00000065','s005','2023-01-03','10:20:00','Follow-up for sore throat'),('p00000076','s006','2023-01-03','10:30:00','Follow-up for ear infection'),('p00000087','s007','2023-01-03','10:30:00','Follow-up for rash'),('p00000098','s008','2023-01-03','10:30:00','Follow-up for back pain'),('p00000009','s009','2023-01-03','10:30:00','Follow-up for depression'),('p00000010','s010','2023-01-03','10:40:00','Follow-up for allergies'),('p00000012','s001','2023-01-03','10:40:00','Follow-up for high cholesterol'),('p00000033','s002','2023-01-03','10:40:00','Follow-up for sinus infection'),('p00000044','s003','2023-01-02','10:40:00','Follow-up for stomach pain'),('p00000055','s004','2023-01-02','10:40:00','Follow-up for kidney stones'),('p00000066','s005','2023-01-02','11:40:00','Follow-up for allergies'),('p00000077','s006','2023-01-02','11:40:00','Follow-up for diabetes'),('p00000088','s007','2023-01-02','11:40:00','Follow-up for high blood pressure'),('p00000092','s008','2023-01-02','11:50:00','Follow-up for anxiety'),('p00000003','s009','2023-01-02','11:50:00','Follow-up for asthma'),('p00000034','s010','2023-01-02','11:50:00','Follow-up for arthritis'),('p00000075','s001','2023-01-02','11:50:00','Follow-up for thyroid issues'),('p00000036','s002','2023-01-02','11:50:00','Follow-up for diabetes'),('p00000047','s003','2023-01-02','11:50:00','Follow-up for heart disease'),('p00000058','s004','2023-01-02','11:50:00','Follow-up for cancer'),('p00000099','s005','2023-01-02','14:00:00','Follow-up for depression'),('p00000072','s006','2023-01-02','14:00:00','Follow-up for allergies'),('p00000083','s007','2023-01-02','14:00:00','Follow-up for high blood pressure'),('p00000094','s008','2023-01-02','14:20:00','Follow-up for kidney disease'),('p00000005','s009','2023-01-02','14:20:00','Follow-up for Crohns disease'),('p00000076','s010','2023-01-02','14:20:00','Follow-up for arthritis'),('p00000037','s001','2023-01-02','14:20:00','Follow-up for asthma'),('p00000038','s002','2023-01-02','14:20:00','Follow-up for high cholesterol'),('p00000049','s003','2023-01-02','14:30:00','Follow-up for sinus infection'),('p00000054','s004','2023-01-02','14:30:00','Follow-up for stomach pain'),('p00000062','s005','2023-01-02','15:30:00','Follow-up for kidney stones'),('p00000073','s006','2023-01-02','15:30:00','Follow-up for allergies'),('p00000084','s007','2023-01-02','15:30:00','Follow-up for high blood pressure'),('p00000095','s008','2023-01-02','15:40:00','Follow-up for anxiety'),('p00000006','s009','2023-01-02','15:40:00','Follow-up for asthma'),('p00000047','s010','2023-01-02','15:40:00','Follow-up for arthritis'),('p00000048','s001','2023-01-02','15:40:00','Follow-up for thyroid issues'),('p00000039','s002','2023-01-02','15:40:00','Follow-up for diabetes'),('p00000043','s003','2023-01-02','16:50:00','Follow-up for heart disease'),('p00000055','s004','2023-01-02','16:50:00','Follow-up for cancer'),('p00000066','s005','2023-01-02','16:50:00','Follow-up for depression'),('p00000057','s006','2023-01-02','16:50:00','Follow-up for allergies'),('p00000048','s007','2023-01-02','16:50:00','Follow-up for high blood pressure'),('p00000039','s008','2023-01-02','16:50:00','Follow-up for kidney disease'),('p00000003','s009','2023-01-02','16:50:00','Follow-up for Crohns disease'),('p00000054','s010','2023-01-02','16:50:00','Follow-up for arthritis'),('p00000021','s001','2023-01-04','09:00:00','Follow-up for diabetes'),('p00000032','s002','2023-01-04','09:20:00','Annual physical'),('p00000043','s003','2023-01-04','09:20:00','Follow-up for hypertension'),('p00000054','s004','2023-01-04','09:20:00','Follow-up for asthma'),('p00000065','s005','2023-01-04','10:20:00','Follow-up for sore throat'),('p00000076','s006','2023-01-04','10:30:00','Follow-up for ear infection'),('p00000087','s007','2023-01-04','10:30:00','Follow-up for rash'),('p00000098','s008','2023-01-04','10:30:00','Follow-up for back pain'),('p00000009','s009','2023-01-04','10:30:00','Follow-up for depression'),('p00000010','s010','2023-01-04','10:40:00','Follow-up for allergies'),('p00000012','s001','2023-01-04','10:40:00','Follow-up for high cholesterol'),('p00000033','s002','2023-01-04','10:40:00','Follow-up for sinus infection'),('p00000044','s003','2023-01-04','10:40:00','Follow-up for stomach pain'),('p00000055','s004','2023-01-04','10:40:00','Follow-up for kidney stones'),('p00000066','s005','2023-01-04','11:40:00','Follow-up for allergies'),('p00000077','s006','2023-01-04','11:40:00','Follow-up for diabetes'),('p00000088','s007','2023-01-04','11:40:00','Follow-up for high blood pressure'),('p00000092','s008','2023-01-04','11:50:00','Follow-up for anxiety'),('p00000003','s009','2023-01-04','11:50:00','Follow-up for asthma'),('p00000034','s010','2023-01-04','11:50:00','Follow-up for arthritis'),('p00000075','s001','2023-01-04','11:50:00','Follow-up for thyroid issues'),('p00000036','s002','2023-01-04','11:50:00','Follow-up for diabetes'),('p00000047','s003','2023-01-04','11:50:00','Follow-up for heart disease'),('p00000058','s004','2023-01-04','11:50:00','Follow-up for cancer'),('p00000099','s005','2023-01-04','14:00:00','Follow-up for depression'),('p00000072','s006','2023-01-04','14:00:00','Follow-up for allergies'),('p00000083','s007','2023-01-04','14:00:00','Follow-up for high blood pressure'),('p00000094','s008','2023-01-04','14:20:00','Follow-up for kidney disease'),('p00000005','s009','2023-01-04','14:20:00','Follow-up for Crohns disease'),('p00000076','s010','2023-01-04','14:20:00','Follow-up for arthritis'),('p00000037','s001','2023-01-04','14:20:00','Follow-up for asthma'),('p00000038','s002','2023-01-04','14:20:00','Follow-up for high cholesterol'),('p00000049','s003','2023-01-04','14:30:00','Follow-up for sinus infection'),('p00000054','s004','2023-01-04','14:30:00','Follow-up for stomach pain'),('p00000062','s005','2023-01-04','15:30:00','Follow-up for kidney stones'),('p00000073','s006','2023-01-04','15:30:00','Follow-up for allergies'),('p00000084','s007','2023-01-04','15:30:00','Follow-up for high blood pressure'),('p00000095','s008','2023-01-04','15:40:00','Follow-up for anxiety'),('p00000006','s009','2023-01-04','15:40:00','Follow-up for asthma'),('p00000047','s010','2023-01-04','15:40:00','Follow-up for arthritis'),('p00000048','s001','2023-01-04','15:40:00','Follow-up for thyroid issues'),('p00000039','s002','2023-01-04','15:40:00','Follow-up for diabetes'),('p00000043','s003','2023-01-04','16:50:00','Follow-up for heart disease'),('p00000055','s004','2023-01-04','16:50:00','Follow-up for cancer'),('p00000066','s005','2023-01-04','16:50:00','Follow-up for depression'),('p00000057','s006','2023-01-04','16:50:00','Follow-up for allergies'),('p00000048','s007','2023-01-04','16:50:00','Follow-up for high blood pressure'),('p00000039','s008','2023-01-04','16:50:00','Follow-up for kidney disease'),('p00000003','s009','2023-01-04','16:50:00','Follow-up for Crohns disease'),('p00000054','s010','2023-01-04','16:50:00','Follow-up for arthritis');
/*!40000 ALTER TABLE `appointments` ENABLE KEYS */;
UNLOCK TABLES;

--
-- Table structure for table `inventory`
--

DROP TABLE IF EXISTS `inventory`;
/*!40101 SET @saved_cs_client     = @@character_set_client */;
/*!50503 SET character_set_client = utf8mb4 */;
CREATE TABLE `inventory` (
  `item_name` varchar(100) DEFAULT NULL,
  `quantity` int DEFAULT NULL,
  `supplier` varchar(20) DEFAULT NULL,
  `cost` decimal(10,2) DEFAULT NULL
) ENGINE=InnoDB DEFAULT CHARSET=utf8mb4 COLLATE=utf8mb4_0900_ai_ci;
/*!40101 SET character_set_client = @saved_cs_client */;

--
-- Dumping data for table `inventory`
--

LOCK TABLES `inventory` WRITE;
/*!40000 ALTER TABLE `inventory` DISABLE KEYS */;
INSERT INTO `inventory` VALUES ('Stethoscope',50,'MedSupply Inc.',50.00),('Blood pressure cuff',50,'MedSupply Inc.',35.00),('EKG machine',25,'MedSupply Inc.',1000.00),('Defibrillator',15,'MedSupply Inc.',2500.00),('Cardiac monitor',20,'MedSupply Inc.',1500.00),('Angiography catheter',50,'CardioTech Inc.',100.00),('Balloon catheter',50,'CardioTech Inc.',150.00),('Coronary stent',50,'CardioTech Inc.',200.00),('Cardiac ablation catheter',50,'CardioTech Inc.',300.00),('Heart valve replacement',25,'CardioTech Inc.',500.00),('Intra-aortic balloon pump',10,'CardioTech Inc.',1000.00),('Heart assist device',5,'CardioTech Inc.',2000.00),('Cardiac pacemaker',20,'CardioTech Inc.',1500.00),('Cardiac resynchronization device',15,'CardioTech Inc.',2500.00),('Transcatheter aortic valve replacement (TAVR) device',10,'CardioTech Inc.',5000.00),('Nebulizer',10,'Medtronic',50.00),('Oxygen tank',20,'Invacare',75.00),('Oxygen mask',30,'ResMed',25.00),('Inhaler',40,'GlaxoSmithKline',15.00),('Pulse oximeter',50,'Nonin Medical',50.00),('Chest x-ray film',60,'Konica Minolta',10.00),('Spirometry machine',70,'COSMED',250.00),('Bronchoscopy instrument set',80,'Olympus',500.00),('Pulmonary function test machine',90,'Jaeger',200.00),('Intubation kit',100,'Teleflex',150.00),('Tracheostomy tube',110,'Mallinckrodt',75.00),('Airway management kit',120,'Ambu',100.00),('Chest drain kit',130,'B Braun',75.00),('Thoracentesis kit',140,'Cook Medical',50.00),('Pleural catheter',150,'Teleflex',30.00),('Thoracostomy tube',160,'Mallinckrodt',50.00),('Acetaminophen',100,'Acme Inc.',0.50),('Ibuprofen',50,'XYZ Corp.',0.75),('Aspirin',75,'ABC Enterprises',0.65),('Antacid',200,'Acme Inc.',0.40),('Laxative',50,'XYZ Corp.',0.70),('Cold and flu medication',100,'ABC Enterprises',1.00),('Allergy medication',75,'Acme Inc.',0.80),('Pain relief cream',50,'XYZ Corp.',1.50),('First aid kit',25,'ABC Enterprises',5.00),('Band-aids',100,'Acme Inc.',0.20),('Gauze',50,'XYZ Corp.',0.40),('Antibiotic ointment',75,'ABC Enterprises',0.50),('Hydrogen peroxide',50,'Acme Inc.',0.75),('Suture kit',25,'XYZ Corp.',5.00),('Thermometer',100,'ABC Enterprises',1.50),('Cotton balls',50,'Acme Inc.',0.30),('Eyedropper',25,'XYZ Corp.',0.50),('Nasal spray',100,'ABC Enterprises',0.75),('Vitamins',50,'Acme Inc.',1.00),('Prescription medication',25,'XYZ Corp.',2.50),('Pain patches',100,'ABC Enterprises',1.00),('Decongestant',50,'Acme Inc.',0.75),('Cough syrup',25,'XYZ Corp.',1.00),('Sleeping aid',100,'ABC Enterprises',0.50),('Antihistamine',50,'Acme Inc.',0.75),('Birth control pills',25,'XYZ Corp.',1.50),('Condoms',100,'ABC Enterprises',0.25),('Oral contraceptives',50,'Acme Inc.',1.00),('Morning after pill',25,'XYZ Corp.',5.00),('Allergy shots',100,'ABC Enterprises',2.50),('Flu shot',50,'Acme Inc.',0.75),('Tetanus shot',25,'XYZ Corp.',1.50),('HPV vaccine',100,'ABC Enterprises',2.00),('Meningitis vaccine',50,'Acme Inc.',1.50),('Shingles vaccine',25,'XYZ Corp.',2.00),('Pneumonia vaccine',100,'ABC Enterprises',1.50),('Influenza vaccine',50,'Acme Inc.',0.75),('Chickenpox vaccine',25,'XYZ Corp.',1.50),('Measles, mumps, and rubella vaccine',100,'ABC Enterprises',1.00),('Hepatitis A and B vaccine',50,'Acme Inc.',1.50),('Polio vaccine',25,'XYZ Corp.',1.00),('Rabies vaccine',100,'ABC Enterprises',2.50),('Yellow fever vaccine',50,'Acme Inc.',1.50),('Tuberculosis vaccine',25,'XYZ Corp.',1.00),('Diphtheria, pertussis, and tetanus vaccine',100,'ABC Enterprises',1.50),('Haemophilus influenzae type B vaccine',50,'Acme Inc.',1.00),('Pertussis vaccine',25,'XYZ Corp.',2.50),('Meningococcal vaccine',100,'ABC Enterprises',1.50),('Rotavirus vaccine',50,'Acme Inc.',1.00),('Human papillomavirus vaccine',25,'XYZ Corp.',2.50),('Hepatitis A vaccine',100,'ABC Enterprises',1.50),('Hepatitis B vaccine',50,'Acme Inc.',1.00),('Influenza vaccine (intradermal)',25,'XYZ Corp.',2.50),('Influenza vaccine (intranasal)',100,'ABC Enterprises',1.50),('Measles, mumps, rubella, and varicella vaccine',50,'Acme Inc.',1.00),('Pneumococcal vaccine',25,'XYZ Corp.',2.50),('Typhoid vaccine',100,'ABC Enterprises',1.50),('Varicella vaccine',50,'Acme Inc.',1.00),('Hearing aid batteries',50,'Battery Co.',5.00),('Earplugs',100,'Earplug Co.',10.00),('Hearing aid cleaning kit',25,'Cleaning Co.',15.00),('Noise-cancelling headphones',50,'Headphone Co.',50.00),('Audiometer',5,'Instrument Co.',1000.00),('Tympanometer',3,'Instrument Co.',2000.00),('Otoscope',10,'Instrument Co.',500.00),('Auditory brainstem response (ABR) machine',2,'Instrument Co.',5000.00),('Speech recognition software',5,'Software Co.',500.00),('Hearing aid fitting software',3,'Software Co.',1000.00),('Ear mold impression kit',25,'Supply Co.',50.00),('Earmold tubing',100,'Supply Co.',10.00),('Audiology patient education materials',50,'Supply Co.',20.00),('Hearing aid repair kit',10,'Supply Co.',100.00),('Hearing aid fitting sleeves',50,'Supply Co.',25.00);
/*!40000 ALTER TABLE `inventory` ENABLE KEYS */;
UNLOCK TABLES;

--
-- Table structure for table `medical_records`
--

DROP TABLE IF EXISTS `medical_records`;
/*!40101 SET @saved_cs_client     = @@character_set_client */;
/*!50503 SET character_set_client = utf8mb4 */;
CREATE TABLE `medical_records` (
  `patient_id` varchar(20) NOT NULL,
  `diagnosis` varchar(100) DEFAULT NULL,
  `treatment` varchar(100) DEFAULT NULL,
  `test_results` varchar(100) DEFAULT NULL,
  KEY `patient_id` (`patient_id`),
  CONSTRAINT `medical_records_ibfk_1` FOREIGN KEY (`patient_id`) REFERENCES `patients` (`id`) ON DELETE CASCADE
) ENGINE=InnoDB DEFAULT CHARSET=utf8mb4 COLLATE=utf8mb4_0900_ai_ci;
/*!40101 SET character_set_client = @saved_cs_client */;

--
-- Dumping data for table `medical_records`
--

LOCK TABLES `medical_records` WRITE;
/*!40000 ALTER TABLE `medical_records` DISABLE KEYS */;
INSERT INTO `medical_records` VALUES ('p00000001','Flu','Rest and fluids','Positive for influenza A'),('p00000002','Stomach virus','Rest and fluids','Positive for norovirus'),('p00000003','Sinus infection','Antibiotics and decongestants','Positive for streptococcus'),('p00000004','Allergic reaction','Antihistamines and corticosteroids','Positive for allergies to pollen and dust0'),('p00000005','Bronchitis','Antibiotics and bronchodilators','Positive for Mycoplasma pneumoniae'),('p00000006','Ear infection','Antibiotics','Positive for Streptococcus pneumoniae'),('p00000007','Pneumonia','Antibiotics and oxygen therapy','Positive for Haemophilus influenzae'),('p00000008','Urinary tract infection','Antibiotics','Positive for Escherichia coli'),('p00000009','Migraine','Pain medication and relaxation techniques','Normal brain scan'),('p00000010','Back pain','Pain medication and physical therapy','Normal MRI scan'),('p00000011','Anxiety disorder','Counseling and medication','Normal psychological evaluation'),('p00000012','Depression','Counseling and medication','Normal psychological evaluation'),('p00000013','Type 2 diabetes','Diet and medication','Elevated blood sugar levels'),('p00000014','Hypertension','Medication and lifestyle changes','Elevated blood pressure'),('p00000015','Arthritis','Medication and physical therapy','Elevated joint pain and swelling'),('p00000016','Asthma','Inhaled medications and lifestyle changes','Positive for asthma'),('p00000017','Chronic obstructive pulmonary disease (COPD)','Inhaled medications and oxygen therapy','Positive for COPD'),('p00000018','Cancer','Surgery, chemotherapy, and radiation therapy','Positive for cancer cells'),('p00000019','Heart attack','Medication and lifestyle changes','Elevated cardiac enzymes'),('p00000030','Stroke','Medication and rehabilitation','Positive for stroke on brain scan'),('p00000021','Kidney disease','Medication and dialysis','Elevated creatinine levels'),('p00000022','Liver disease','Medication and liver transplant','Elevated liver enzymes'),('p00000023','Hepatitis','Medication and lifestyle changes','Positive for hepatitis virus'),('p00000024','Human immunodeficiency virus (HIV)','Antiretroviral therapy','Positive for HIV virus'),('p00000025','Acquired immune deficiency syndrome (AIDS)','Antiretroviral therapy','Positive for HIV virus and decreased immune function'),('p00000026','Chickenpox','Symptom management','Positive for varicella-zoster virus'),('p00000027','Measles','Symptom management and vaccination','Positive for measles virus'),('p00000028','Mumps','Symptom management and vaccination','Positive for mumps virus'),('p00000029','Rubella','Symptom management and vaccination','Positive for rubella virus'),('p00000030','Whooping cough','Antibiotics and vaccination','Positive for Bordetella pertussis bacteria'),('p00000031','Influenza','Antiviral medication and rest','Positive for influenza virus'),('p00000032','Pneumonia','Antibiotics and oxygen therapy','Positive for Streptococcus pneumoniae bacteria'),('p00000033','Tuberculosis','Antibiotics and lifestyle changes','Positive for Mycobacterium tuberculosis bacteria'),('p00000034','Malaria','Antimalarial medication','Positive for Plasmodium parasites'),('p00000035','Dengue fever','Symptom management and prevention','Positive for dengue virus'),('p00000036','West Nile virus','Symptom management and prevention','Positive for West Nile virus'),('p00000037','Zika virus','Symptom management and prevention','Positive for Zika virus'),('p00000038','Ebola virus','Symptom management and prevention','Positive for Ebola virus'),('p00000039','Yellow fever','Vaccination and symptom management','Positive for yellow fever virus'),('p00000040','Rabies','Vaccination and symptom management','Positive for rabies virus'),('p00000041','Broken bone','Surgery and physical therapy','Positive for broken bone on x-ray'),('p00000042','Sprained ankle','Ice, rest, and physical therapy','Positive for sprained ankle on MRI'),('p00000043','Torn ligament','Surgery and physical therapy','Positive for torn ligament on MRI'),('p00000044','Concussion','Rest and symptom management','Positive for concussion on CT scan'),('p00000045','Whiplash','Ice, rest, and physical therapy','Positive for whiplash on x-ray'),('p00000046','Carpal tunnel syndrome','Medication and physical therapy','Positive for carpal tunnel syndrome on nerve conduction study'),('p00000047','Rotator cuff tear','Surgery and physical therapy','Positive for rotator cuff tear on MRI'),('p00000048','Plantar fasciitis','Ice, rest, and physical therapy','Positive for plantar fasciitis on x-ray'),('p00000049','Tennis elbow','Medication and physical therapy','Positive for tennis elbow on x-ray'),('p00000050','Golfers elbow','Medication and physical therapy','Positive for golfers elbow on x-ray'),('p00000051','Cataracts','Surgery and glasses','Positive for cataracts on eye exam'),('p00000052','Glaucoma','Medication and eye drops','Elevated intraocular pressure on eye exam'),('p00000053','Macular degeneration','Medication and glasses','Decreased visual acuity on eye exam'),('p00000054','Retinal detachment','Surgery and glasses','Positive for retinal detachment on eye exam'),('p00000055','Strabismus','Surgery and glasses','Positive for strabismus on eye exam'),('p00000056','Amblyopia','Eyepatch and glasses','Decreased visual acuity in one eye on eye exam'),('p00000057','Nearsightedness','Glasses and contacts','Decreased visual acuity at a distance on eye exam'),('p00000058','Farsightedness','Glasses and contacts','Decreased visual acuity up close on eye exam'),('p00000059','Astigmatism','Glasses and contacts','Distorted vision on eye exam'),('p00000070','Presbyopia','Glasses and contacts','Decreased visual acuity at a distance and up close on eye exam'),('p00000061','Hyperthyroidism','Medication and lifestyle changes','Elevated thyroid hormones on blood test'),('p00000062','Hypothyroidism','Medication','Decreased thyroid hormones on blood test'),('p00000063','Addisons disease','Medication and lifestyle changes','Decreased cortisol and aldosterone on blood test'),('p00000064','Cushings disease','Medication and surgery','Elevated cortisol on blood test'),('p00000065','Type 1 diabetes','Insulin injections and lifestyle changes','Elevated blood sugar levels on blood test'),('p00000066','Type 2 diabetes','Medication and lifestyle changes','Elevated blood sugar levels on blood test'),('p00000067','Gestational diabetes','Medication and lifestyle changes','Elevated blood sugar levels on blood test'),('p00000068','Polycystic ovary syndrome (PCOS)','Medication and lifestyle changes','Elevated male hormones and irregular periods on blood test'),('p00000079','Osteoporosis','Medication and lifestyle changes','Decreased bone density on bone density test'),('p00000070','Arthritis','Medication and physical therapy','Elevated joint pain and swelling on physical exam'),('p00000071','Anemia','Medication and lifestyle changes','Low hemoglobin and hematocrit on blood test'),('p00000072','Leukemia','Chemotherapy and bone marrow transplant','Positive for leukemia cells on blood test'),('p00000073','Lymphoma','Chemotherapy and radiation therapy','Positive for lymphoma cells on blood test'),('p00000074','Multiple myeloma','Chemotherapy and bone marrow transplant','Positive for multiple myeloma cells on blood test'),('p00000075','Hodgkins lymphoma','Chemotherapy and radiation therapy','Positive for Hodgkins lymphoma cells on blood test'),('p00000076','Non-Hodgkins lymphoma','Chemotherapy and radiation therapy','Positive for non-Hodgkins lymphoma cells on blood test'),('p00000077','Sickle cell anemia','Medication and lifestyle changes','Positive for sickle cell trait on blood test'),('p00000078','Thalassemia','Medication and blood transfusions','Elevated red blood cell destruction on blood test'),('p00000079','Iron deficiency anemia','Medication and iron-rich diet','Low iron levels on blood test'),('p00000080','Vitamin B12 deficiency','Medication and vitamin B12 supplements','Low vitamin B12 levels on blood test'),('p00000081','Crohns disease','Medication and lifestyle changes','Positive for Crohns disease on colonoscopy'),('p00000082','Ulcerative colitis','Medication and lifestyle changes','Positive for ulcerative colitis on colonoscopy'),('p00000083','Gastroesophageal reflux disease (GERD)','Medication and lifestyle changes','Positive for GERD on endoscopy'),('p00000084','Peptic ulcer disease','Medication and lifestyle changes','Positive for peptic ulcer on endoscopy'),('p00000085','Irritable bowel syndrome (IBS)','Medication and lifestyle changes','Positive for IBS on colonoscopy'),('p00000086','Celiac disease','Gluten-free diet','Positive for celiac disease on biopsy'),('p00000087','Hepatitis','Medication and lifestyle changes','Elevated liver enzymes on blood test'),('p00000088','Pancreatitis','Medication and lifestyle changes','Elevated pancreatic enzymes on blood test'),('p00000089','Gallstones','Surgery and lifestyle changes','Positive for gallstones on ultrasound'),('p00000090','Appendicitis','Surgery','Positive for appendicitis on CT scan'),('p00000091','Depression','Medication and therapy','Positive for depression on psychiatric evaluation'),('p00000092','Anxiety','Medication and therapy','Positive for anxiety on psychiatric evaluation'),('p00000093','Bipolar disorder','Medication and therapy','Positive for bipolar disorder on psychiatric evaluation'),('p00000094','Schizophrenia','Medication and therapy','Positive for schizophrenia on psychiatric evaluation'),('p00000095','Obsessive-compulsive disorder (OCD)','Medication and therapy','Positive for OCD on psychiatric evaluation'),('p00000096','Post-traumatic stress disorder (PTSD)','Medication and therapy','Positive for PTSD on psychiatric evaluation'),('p00000097','Dementia','Medication and therapy','Positive for dementia on cognitive evaluation'),('p00000098','Alzheimers disease','Medication and therapy','Positive for Alzheimers disease on cognitive evaluation'),('p00000099','Autism','Medication and therapy','Positive for autism on developmental evaluation'),('p00000100','Attention deficit hyperactivity disorder (ADHD)','Medication and therapy','Positive for ADHD on psychiatric evaluation'),('p00000010','Rabies','Vaccination and symptom management','Positive for rabies virus'),('p00000001','Broken bone','Surgery and physical therapy','Positive for broken bone on x-ray'),('p00000002','Sprained ankle','Ice, rest, and physical therapy','Positive for sprained ankle on MRI'),('p00000003','Torn ligament','Surgery and physical therapy','Positive for torn ligament on MRI'),('p00000004','Concussion','Rest and symptom management','Positive for concussion on CT scan'),('p00000005','Whiplash','Ice, rest, and physical therapy','Positive for whiplash on x-ray'),('p00000006','Carpal tunnel syndrome','Medication and physical therapy','Positive for carpal tunnel syndrome 0n nerve conduction study'),('p00000007','Rotator cuff tear','Surgery and physical therapy','Positive for rotator cuff tear on MRI'),('p00000008','Plantar fasciitis','Ice, rest, and physical therapy','Positive for plantar fasciitis on x-ray'),('p00000009','Tennis elbow','Medication and physical therapy','Positive for tennis elbow on x-ray'),('p00000010','Golfers elbow','Medication and physical therapy','Positive for golfers elbow on x-ray');
/*!40000 ALTER TABLE `medical_records` ENABLE KEYS */;
UNLOCK TABLES;

--
-- Table structure for table `patients`
--

DROP TABLE IF EXISTS `patients`;
/*!40101 SET @saved_cs_client     = @@character_set_client */;
/*!50503 SET character_set_client = utf8mb4 */;
CREATE TABLE `patients` (
  `id` varchar(20) NOT NULL,
  `name` varchar(20) DEFAULT NULL,
  `dob` date DEFAULT NULL,
  `phone` varchar(20) DEFAULT NULL,
  `email` varchar(30) DEFAULT NULL,
  `address` varchar(100) DEFAULT NULL,
  PRIMARY KEY (`id`)
) ENGINE=InnoDB DEFAULT CHARSET=utf8mb4 COLLATE=utf8mb4_0900_ai_ci;
/*!40101 SET character_set_client = @saved_cs_client */;

--
-- Dumping data for table `patients`
--

LOCK TABLES `patients` WRITE;
/*!40000 ALTER TABLE `patients` DISABLE KEYS */;
INSERT INTO `patients` VALUES ('p00000001','John Doe','1970-01-01','555-555-5555','john.doe@gmail.com','123 Main St.'),('p00000002','Jane Doe','1980-02-02','555-555-5556','jane.doe@gmail.com','456 Park Ave.'),('p00000003','Bob Smith','1990-03-03','555-555-5557','bob.smith@gmail.com','789 Elm St.'),('p00000004','Alice Johnson','1995-04-04','555-555-5558','alice.johnson@gmail.com','321 Maple St.'),('p00000005','Eve Williams','1985-05-05','555-555-5559','eve.williams@gmail.com','654 Pine St.'),('p00000006','Bob Jones','1975-06-06','555-555-5560','bob.jones@gmail.com','987 Oak St.'),('p00000007','Clara Miller','1980-07-07','555-555-5561','clara.miller@gmail.com','246 Cedar St.'),('p00000008','Ben Davis','1990-08-08','555-555-5562','ben.davis@gmail.com','369 Birch St.'),('p00000009','Gina Moore','1995-09-09','555-555-5563','gina.moore@gmail.com','159 Maple St.'),('p00000010','Tim Brown','1985-10-10','555-555-5564','tim.brown@gmail.com','753 Pine St.'),('p00000011','Mike Taylor','1975-11-11','555-555-5565','mike.taylor@gmail.com','965 Cedar St.'),('p00000012','Samantha Wilson','1980-12-12','555-555-5566','samantha.wilson@gmail.com','847 Birch St.'),('p00000013','Sara Jackson','1990-01-13','555-555-5567','sara.jackson@gmail.com','732 Maple St.'),('p00000014','Charlie Thomas','1995-02-14','555-555-5568','charlie.thomas@gmail.com','615 Pine St.'),('p00000015','Karen Davis','1985-03-15','555-555-5569','karen.davis@gmail.com','498 Oak St.'),('p00000016','Alex Moore','1975-04-16','555-555-5570','alex.moore@gmail.com','381 Cedar St.'),('p00000017','Nina Brown','1980-05-17','555-555-5571','nina.brown@gmail.com','264 Birch St.'),('p00000018','Peter Wilson','1990-06-18','555-555-5572','peter.wilson@gmail.com','147 Maple St.'),('p00000019','Emma Johnson','1995-07-19','555-555-5573','emma.johnson@gmail.com','030 Pine St.'),('p00000021','Laura Smith','1975-09-21','555-555-5574','laura.smith@gmail.com','913 Cedar St.'),('p00000022','George Doe','1980-10-22','555-555-5575','george.doe@gmail.com','796 Birch St.'),('p00000023','Abby Williams','1990-11-23','555-555-5576','abby.williams@gmail.com','679 Maple St.'),('p00000024','Tom Jones','1995-12-24','555-555-5577','tom.jones@gmail.com','562 Pine St.'),('p00000025','Sarah Miller','1985-01-25','555-555-5578','sarah.miller@gmail.com','445 Oak St.'),('p00000026','Matt Davis','1975-02-26','555-555-5579','matt.davis@gmail.com','328 Cedar St.'),('p00000027','Emma Moore','1980-03-27','555-555-5580','emma.moore@gmail.com','211 Birch St.'),('p00000028','Jessica Brown','1990-04-28','555-555-5581','jessica.brown@gmail.com','094 Maple St.'),('p00000029','Ben Johnson','1995-05-29','555-555-5582','ben.johnson@gmail.com','977 Pine St.'),('p00000030','Alex Smith','1985-06-20','555-555-5583','alex.smith@gmail.com','860 Oak St.'),('p00000031','Kate Doe','1975-07-21','555-555-5584','kate.doe@gmail.com','743 Cedar St.'),('p00000032','Chris Williams','1980-08-22','555-555-5585','chris.williams@gmail.com','626 Birch St.'),('p00000033','Emma Jackson','1990-09-23','555-555-5586','emma.jackson@gmail.com','509 Maple St.'),('p00000034','Sam Thomas','1995-10-24','555-555-5587','sam.thomas@gmail.com','392 Pine St.'),('p00000035','Alice Davis','1985-11-25','555-555-5588','alice.davis@gmail.com','275 Oak St.'),('p00000036','Tom Moore','1975-12-26','555-555-5589','tom.moore@gmail.com','158 Cedar St.'),('p00000037','Sophia Brown','1980-01-27','555-555-5590','sophia.brown@gmail.com','041 Birch St.'),('p00000038','Peter Johnson','1990-02-28','555-555-5591','peter.johnson@gmail.com','924 Maple St.'),('p00000039','Kate Smith','1995-03-29','555-555-5592','kate.smith@gmail.com','807 Pine St.'),('p00000040','Lena Doe','1985-04-20','555-555-5593','lena.doe@gmail.com','690 Oak St.'),('p00000041','Mike Williams','1975-05-21','555-555-5594','mike.williams@gmail.com','573 Cedar St.'),('p00000042','Anna Jackson','1980-06-22','555-555-5595','anna.jackson@gmail.com','456 Birch St.'),('p00000043','Sam Thomas','1990-07-23','555-555-5596','sam.thomas@gmail.com','339 Maple St.'),('p00000044','Lena Davis','1995-08-24','555-555-5597','lena.davis@gmail.com','222 Pine St.'),('p00000045','Chris Moore','1985-09-25','555-555-5598','chris.moore@gmail.com','105 Oak St.'),('p00000046','Sophia Brown','1975-10-26','555-555-5599','sophia.brown@gmail.com','988 Cedar St.'),('p00000047','Alice Johnson','1980-11-27','555-555-5600','alice.johnson@gmail.com','871 Birch St.'),('p00000048','Tom Smith','1990-12-28','555-555-5601','tom.smith@gmail.com','754 Maple St.'),('p00000049','Anna Doe','1995-01-29','555-555-5602','anna.doe@gmail.com','637 Pine St.'),('p00000050','Mike Williams','1985-02-10','555-555-5603','mike.williams@gmail.com','520 Oak St.'),('p00000051','Bob Jackson','1975-03-11','555-555-5604','bob.jackson@gmail.com','403 Cedar St.'),('p00000052','Sara Thomas','1980-04-12','555-555-5605','sara.thomas@gmail.com','286 Birch St.'),('p00000053','Charlie Davis','1990-05-13','555-555-5606','charlie.davis@gmail.com','169 Maple St.'),('p00000054','Emma Moore','1995-06-14','555-555-5607','emma.moore@gmail.com','052 Pine St.'),('p00000055','Ben Brown','1985-07-15','555-555-5608','ben.brown@gmail.com','935 Oak St.'),('p00000056','Kate Johnson','1975-08-26','555-555-5609','kate.johnson@gmail.com','818 Cedar St.'),('p00000057','Alex Smith','1980-09-27','555-555-5610','alex.smith@gmail.com','701 Birch St.'),('p00000058','Sarah Doe','1990-10-28','555-555-5611','sarah.doe@gmail.com','584 Maple St.'),('p00000059','Laura Williams','1995-11-29','555-555-5612','laura.williams@gmail.com','467 Pine St.'),('p00000061','Nina Thomas','1985-12-21','555-555-5613','nina.thomas@gmail.com','350 Oak St.'),('p00000062','Matt Davis','1975-01-22','555-555-5614','matt.davis@gmail.com','233 Cedar St.'),('p00000063','Gina Moore','1980-02-23','555-555-5615','gina.moore@gmail.com','116 Birch St.'),('p00000064','Jessica Brown','1990-03-24','555-555-5616','jessica.brown@gmail.com','999 Maple St.'),('p00000065','Tom Johnson','1995-04-25','555-555-5617','tom.johnson@gmail.com','882 Pine St.'),('p00000066','Bob Smith','1985-05-26','555-555-5618','bob.smith@gmail.com','765 Oak St.'),('p00000067','Samantha Doe','1975-06-27','555-555-5619','samantha.doe@gmail.com','648 Cedar St.'),('p00000068','Alice Williams','1980-07-28','555-555-5620','alice.williams@gmail.com','531 Birch St.'),('p00000070','Sarah Thomas','1990-08-10','555-555-5621','sarah.thomas@gmail.com','414 Maple St.'),('p00000071','Ben Davis','1995-09-11','555-555-5622','ben.davis@gmail.com','297 Pine St.'),('p00000072','Nina Moore','1985-10-12','555-555-5623','nina.moore@gmail.com','180 Oak St.'),('p00000073','Mike Brown','1975-11-13','555-555-5624','mike.brown@gmail.com','063 Cedar St.'),('p00000074','Sara Johnson','1980-12-14','555-555-5625','sara.johnson@gmail.com','946 Birch St.'),('p00000075','Peter Smith','1990-01-15','555-555-5626','peter.smith@gmail.com','829 Maple St.'),('p00000076','Emma Doe','1995-02-16','555-555-5627','emma.doe@gmail.com','712 Pine St.'),('p00000077','Kate Williams','1985-03-17','555-555-5628','kate.williams@gmail.com','595 Oak St.'),('p00000078','Alex Jackson','1975-04-18','555-555-5629','alex.jackson@gmail.com','478 Cedar St.'),('p00000079','Laura Thomas','1980-05-19','555-555-5630','laura.thomas@gmail.com','361 Birch St.'),('p00000080','George Davis','1990-06-10','555-555-5631','george.davis@gmail.com','244 Maple St.'),('p00000081','Abby Moore','1995-07-11','555-555-5632','abby.moore@gmail.com','127 Pine St.'),('p00000082','Tom Brown','1985-08-12','555-555-5633','tom.brown@gmail.com','010 Oak St.'),('p00000083','Sarah Johnson','1975-09-13','555-555-5634','sarah.johnson@gmail.com','893 Cedar St.'),('p00000084','Matt Smith','1980-10-14','555-555-5635','matt.smith@gmail.com','776 Birch St.'),('p00000085','Emma Doe','1990-11-15','555-555-5636','emma.doe@gmail.com','659 Maple St.'),('p00000086','Jessica Williams','1995-12-16','555-555-5637','jessica.williams@gmail.com','542 Pine St.'),('p00000087','Ben Jackson','1985-01-17','555-555-5638','ben.jackson@gmail.com','425 Oak St.'),('p00000088','Alex Thomas','1975-02-18','555-555-5639','alex.thomas@gmail.com','308 Cedar St.'),('p00000089','Kate Davis','1980-03-19','555-555-5640','kate.davis@gmail.com','191 Birch St.'),('p00000090','Charlie Moore','1990-04-10','555-555-5641','charlie.moore@gmail.com','074 Maple St.'),('p00000091','Laura Brown','1995-05-11','555-555-5642','laura.brown@gmail.com','957 Pine St.'),('p00000092','Sara Johnson','1985-06-12','555-555-5643','sara.johnson@gmail.com','840 Oak St.'),('p00000093','Abby Smith','1975-07-13','555-555-5644','abby.smith@gmail.com','723 Cedar St.'),('p00000094','George Doe','1980-08-14','555-555-5645','george.doe@gmail.com','606 Birch St.'),('p00000095','Nina Williams','1990-09-15','555-555-5646','nina.williams@gmail.com','489 Maple St.'),('p00000096','Mike Jackson','1995-10-16','555-555-5647','mike.jackson@gmail.com','372 Pine St.'),('p00000097','Peter Davis','1985-11-17','555-555-5648','peter.davis@gmail.com','255 Oak St.'),('p00000098','Gina Moore','1975-12-18','555-555-5649','gina.moore@gmail.com','138 Cedar St.'),('p00000099','Emma Brown','1980-01-19','555-555-5650','emma.brown@gmail.com','021 Birch St.'),('p00000100','Jessica Johnson','1990-02-02','555-555-5651','jessica.johnson@gmail.com','904 Maple St.'),('p00000101','Matt Smith','1995-03-01','555-555-5652','matt.smith@gmail.com','787 Pine St.'),('p00000102','Alice Doe','1985-04-02','555-555-5653','alice.doe@gmail.com','670 Oak St.'),('p00000103','George Williams','1975-05-03','555-555-5654','george.williams@gmail.com','553 Cedar St.'),('p00000104','Bob Jackson','1980-06-04','555-555-5655','bob.jackson@gmail.com','436 Birch St.'),('p00000105','Charlie Thomas','1990-07-05','555-555-5656','charlie.thomas@gmail.com','319 Maple St.'),('p00000106','Sarah Davis','1995-08-06','555-555-5657','sarah.davis@gmail.com','202 Pine St.'),('p00000107','Peter Moore','1985-09-07','555-555-5658','peter.moore@gmail.com','085 Oak St.');
/*!40000 ALTER TABLE `patients` ENABLE KEYS */;
UNLOCK TABLES;

--
-- Table structure for table `staffs`
--

DROP TABLE IF EXISTS `staffs`;
/*!40101 SET @saved_cs_client     = @@character_set_client */;
/*!50503 SET character_set_client = utf8mb4 */;
CREATE TABLE `staffs` (
  `name` varchar(20) DEFAULT NULL,
  `id` varchar(20) NOT NULL,
  `dept` varchar(20) DEFAULT NULL,
  `dob` date DEFAULT NULL,
  `phone` varchar(20) DEFAULT NULL,
  `email` varchar(30) DEFAULT NULL,
  `address` varchar(100) DEFAULT NULL,
  PRIMARY KEY (`id`)
) ENGINE=InnoDB DEFAULT CHARSET=utf8mb4 COLLATE=utf8mb4_0900_ai_ci;
/*!40101 SET character_set_client = @saved_cs_client */;

--
-- Dumping data for table `staffs`
--

LOCK TABLES `staffs` WRITE;
/*!40000 ALTER TABLE `staffs` DISABLE KEYS */;
INSERT INTO `staffs` VALUES ('Mrs. Abhin Lazar','s001','Audiology','1990-03-02','+91 79798 29747','s001@hms.com','Shop No 2, Sunder Apts, Sion Trombay Road, Opp Diamond Green, Chembur (east)'),('Dr. Ramdas Nayak','s002','Cardiology','1984-01-02','+91 79799 44322','s002@hms.com','Rangkrupa Chambers, C.g. Road, Nr. Parimal Garden, Ellisbridge'),('Dr. Sunesh E R','s003','Neurology','1992-04-02','+91 89177 77290','s003@hms.com','Plot No.388/a, Road No.22, Jubilee Hills'),('Dr. Shaziya M','s004','Pediatrics','1993-04-25','+91 79313 86944','s004@hms.com','2 Gasper Enclave, Ambedkar Road, Bandra (west)'),('Dr. Ajith Toms','s005','Radiology','1989-09-23','+91 87014 36243','s005@hms.com','24 C, Yusaf Saria, Opp Indian Oil Behind Ramsons Showr, Green Park'),('Dr. Sanjay Bhat','s006','Urology','1994-08-09','+91 61279 35600','s006@hms.com','41, Ram Nagar, Saran Building 1st Floor, Pahar Ganj'),('Dr. Geena Jacob','s007','General Medicine','1995-12-31','+91 61786 73824','s007@hms.com','106, D Shamji Unit, Veer Desai Road, Andheri (west)'),('Dr. Sanju Cyriac','s008','Oncology','1987-07-21','+91 67409 54543','s008@hms.com','480, 480, 1st Stage, 6th Phase, West Of Chord Road, Industrial Town'),('Dr. Rajesh V','s009','Pulmonary','1983-11-29','+91 61279 03989','s009@hms.com','1, Siddhicha Bldg, Opp Navjeevan Hospital, Manpada Rd, Dombivli(e)'),('Dr. Megha Krishnan','s010','ENT','1994-08-09','+91 80737 43793','s010@hms.com','10-1-142/1, Khairatabad');
/*!40000 ALTER TABLE `staffs` ENABLE KEYS */;
UNLOCK TABLES;
/*!40103 SET TIME_ZONE=@OLD_TIME_ZONE */;

/*!40101 SET SQL_MODE=@OLD_SQL_MODE */;
/*!40014 SET FOREIGN_KEY_CHECKS=@OLD_FOREIGN_KEY_CHECKS */;
/*!40014 SET UNIQUE_CHECKS=@OLD_UNIQUE_CHECKS */;
/*!40101 SET CHARACTER_SET_CLIENT=@OLD_CHARACTER_SET_CLIENT */;
/*!40101 SET CHARACTER_SET_RESULTS=@OLD_CHARACTER_SET_RESULTS */;
/*!40101 SET COLLATION_CONNECTION=@OLD_COLLATION_CONNECTION */;
/*!40111 SET SQL_NOTES=@OLD_SQL_NOTES */;

-- Dump completed on 2023-01-03 18:50:18
